frame,total_objects,details
1,1,{'person': 1}
2,1,{'person': 1}
3,1,{'person': 1}
4,1,{'person': 1}
5,1,{'person': 1}
6,1,{'person': 1}
7,1,{'person': 1}
8,1,{'person': 1}
9,1,{'person': 1}
10,1,{'person': 1}
11,1,{'person': 1}
12,1,{'person': 1}
13,1,{'person': 1}
14,1,{'person': 1}
15,1,{'person': 1}
16,1,{'person': 1}
17,1,{'person': 1}
18,1,{'person': 1}
19,1,{'person': 1}
20,1,{'person': 1}
21,1,{'person': 1}
22,1,{'person': 1}
23,1,{'person': 1}
24,1,{'person': 1}
25,1,{'person': 1}
26,1,{'person': 1}
27,1,{'person': 1}
28,1,{'person': 1}
29,1,{'person': 1}
30,1,{'person': 1}
31,1,{'person': 1}
32,1,{'person': 1}
33,1,{'person': 1}
34,1,{'person': 1}
35,1,{'person': 1}
36,1,{'person': 1}
37,1,{'person': 1}
38,1,{'person': 1}
39,1,{'person': 1}
40,1,{'person': 1}
41,1,{'person': 1}
42,1,{'person': 1}
43,1,{'person': 1}
44,1,{'person': 1}
45,1,{'person': 1}
46,1,{'person': 1}
47,1,{'person': 1}
48,1,{'person': 1}
49,1,{'person': 1}
50,1,{'person': 1}
51,1,{'person': 1}
52,1,{'person': 1}
53,1,{'person': 1}
54,1,{'person': 1}
55,1,{'person': 1}
56,1,{'person': 1}
57,1,{'person': 1}
58,1,{'person': 1}
59,1,{'person': 1}
60,1,{'person': 1}
61,1,{'person': 1}
62,1,{'person': 1}
63,1,{'person': 1}
64,1,{'person': 1}
65,1,{'person': 1}
66,1,{'person': 1}
67,1,{'person': 1}
68,1,{'person': 1}
69,1,{'person': 1}
70,1,{'person': 1}
71,1,{'person': 1}
72,1,{'person': 1}
73,1,{'person': 1}
74,1,{'person': 1}
75,1,{'person': 1}
76,1,{'person': 1}
77,1,{'person': 1}
78,1,{'person': 1}
79,1,{'person': 1}
80,1,{'person': 1}
81,1,{'person': 1}
82,1,{'person': 1}
83,1,{'person': 1}
84,1,{'person': 1}
85,1,{'person': 1}
86,1,{'person': 1}
87,1,{'person': 1}
88,1,{'person': 1}
89,1,{'person': 1}
90,1,{'person': 1}
91,1,{'person': 1}
92,1,{'person': 1}
93,1,{'person': 1}
94,1,{'person': 1}
95,1,{'person': 1}
96,1,{'person': 1}
97,1,{'person': 1}
98,1,{'person': 1}
99,1,{'person': 1}
100,1,{'person': 1}
101,1,{'person': 1}
102,1,{'person': 1}
103,1,{'person': 1}
104,1,{'person': 1}
105,1,{'person': 1}
106,1,{'person': 1}
107,1,{'person': 1}
108,1,{'person': 1}
109,1,{'person': 1}
110,1,{'person': 1}
111,1,{'person': 1}
112,1,{'person': 1}
113,1,{'person': 1}
114,1,{'person': 1}
115,1,{'person': 1}
116,1,{'person': 1}
117,1,{'person': 1}
118,1,{'person': 1}
119,1,{'person': 1}
120,1,{'person': 1}
121,1,{'person': 1}
122,1,{'person': 1}
123,1,{'person': 1}
124,2,"{'person': 1, 'boat': 1}"
125,1,{'person': 1}
126,1,{'person': 1}
127,2,"{'person': 1, 'boat': 1}"
128,3,"{'person': 1, 'boat': 2}"
129,2,"{'person': 1, 'boat': 1}"
130,1,{'person': 1}
131,1,{'person': 1}
132,1,{'person': 1}
133,1,{'person': 1}
134,1,{'person': 1}
135,1,{'person': 1}
136,1,{'person': 1}
137,1,{'person': 1}
138,1,{'person': 1}
139,1,{'person': 1}
140,1,{'person': 1}
141,2,"{'person': 1, 'boat': 1}"
142,2,"{'person': 1, 'boat': 1}"
143,2,"{'person': 1, 'boat': 1}"
144,2,"{'person': 1, 'boat': 1}"
145,2,"{'person': 1, 'boat': 1}"
146,1,{'person': 1}
147,1,{'person': 1}
148,1,{'person': 1}
149,1,{'person': 1}
150,1,{'person': 1}
151,1,{'person': 1}
152,1,{'person': 1}
153,1,{'person': 1}
154,1,{'person': 1}
155,1,{'person': 1}
156,1,{'person': 1}
157,1,{'person': 1}
158,1,{'person': 1}
159,1,{'person': 1}
160,1,{'person': 1}
161,1,{'person': 1}
162,1,{'person': 1}
163,1,{'person': 1}
164,1,{'person': 1}
165,1,{'person': 1}
166,1,{'person': 1}
167,1,{'person': 1}
168,1,{'person': 1}
169,1,{'person': 1}
170,1,{'person': 1}
171,1,{'person': 1}
172,1,{'person': 1}
173,1,{'person': 1}
174,1,{'person': 1}
175,1,{'person': 1}
176,1,{'person': 1}
177,1,{'person': 1}
178,1,{'person': 1}
179,1,{'person': 1}
180,1,{'person': 1}
181,1,{'person': 1}
182,1,{'person': 1}
183,1,{'person': 1}
184,1,{'person': 1}
185,1,{'person': 1}
186,1,{'person': 1}
187,1,{'person': 1}
188,1,{'person': 1}
189,1,{'person': 1}
190,1,{'person': 1}
191,1,{'person': 1}
192,1,{'person': 1}
193,1,{'person': 1}
194,1,{'person': 1}
195,1,{'person': 1}
196,1,{'person': 1}
197,1,{'person': 1}
198,1,{'person': 1}
199,1,{'person': 1}
200,2,"{'person': 1, 'bird': 1}"
201,2,"{'person': 1, 'bird': 1}"
202,1,{'person': 1}
203,2,"{'person': 1, 'bird': 1}"
204,2,"{'person': 1, 'bird': 1}"
205,1,{'person': 1}
206,1,{'person': 1}
207,1,{'person': 1}
208,1,{'person': 1}
209,1,{'person': 1}
210,1,{'person': 1}
211,1,{'person': 1}
212,2,"{'person': 1, 'bird': 1}"
213,2,"{'person': 1, 'bird': 1}"
214,2,"{'person': 1, 'bird': 1}"
215,2,"{'person': 1, 'boat': 1}"
216,2,"{'person': 1, 'boat': 1}"
217,2,"{'person': 1, 'boat': 1}"
218,2,"{'person': 1, 'boat': 1}"
219,3,"{'person': 1, 'boat': 1, 'bird': 1}"
220,3,"{'person': 1, 'bird': 1, 'boat': 1}"
221,3,"{'person': 1, 'boat': 1, 'bird': 1}"
222,2,"{'person': 1, 'boat': 1}"
223,2,"{'person': 1, 'boat': 1}"
224,2,"{'person': 1, 'boat': 1}"
225,1,{'person': 1}
226,2,"{'person': 1, 'boat': 1}"
227,1,{'person': 1}
228,1,{'person': 1}
229,1,{'person': 1}
230,1,{'person': 1}
231,1,{'person': 1}
232,1,{'person': 1}
233,1,{'person': 1}
234,1,{'person': 1}
235,2,"{'person': 1, 'boat': 1}"
236,2,"{'person': 1, 'boat': 1}"
237,1,{'person': 1}
238,1,{'person': 1}
239,2,"{'person': 1, 'boat': 1}"
240,1,{'person': 1}
241,1,{'person': 1}
242,1,{'person': 1}
243,1,{'person': 1}
244,1,{'person': 1}
245,1,{'person': 1}
246,1,{'person': 1}
247,2,"{'person': 1, 'boat': 1}"
248,3,"{'person': 1, 'boat': 2}"
249,3,"{'person': 1, 'boat': 2}"
250,3,"{'person': 1, 'boat': 2}"
251,3,"{'person': 1, 'boat': 2}"
252,3,"{'person': 1, 'boat': 2}"
253,3,"{'person': 1, 'boat': 2}"
254,3,"{'person': 1, 'boat': 2}"
255,3,"{'person': 1, 'boat': 2}"
256,2,"{'person': 1, 'boat': 1}"
257,3,"{'person': 1, 'boat': 2}"
258,3,"{'person': 1, 'boat': 2}"
259,3,"{'person': 1, 'boat': 2}"
260,3,"{'person': 1, 'boat': 2}"
261,3,"{'person': 1, 'boat': 2}"
262,3,"{'person': 1, 'boat': 2}"
263,3,"{'person': 1, 'boat': 2}"
264,3,"{'person': 1, 'boat': 2}"
265,3,"{'person': 1, 'boat': 2}"
266,3,"{'person': 1, 'boat': 2}"
267,3,"{'person': 1, 'boat': 2}"
268,3,"{'person': 1, 'boat': 2}"
269,3,"{'person': 1, 'boat': 2}"
270,2,"{'person': 1, 'boat': 1}"
271,2,"{'person': 1, 'boat': 1}"
272,2,"{'person': 1, 'boat': 1}"
273,2,"{'person': 1, 'boat': 1}"
274,2,"{'person': 1, 'boat': 1}"
275,2,"{'person': 1, 'boat': 1}"
276,2,"{'person': 1, 'boat': 1}"
277,2,"{'person': 1, 'boat': 1}"
278,2,"{'person': 1, 'boat': 1}"
279,2,"{'person': 1, 'boat': 1}"
280,2,"{'person': 1, 'boat': 1}"
281,2,"{'person': 1, 'boat': 1}"
282,2,"{'person': 1, 'boat': 1}"
283,2,"{'person': 1, 'boat': 1}"
284,2,"{'person': 1, 'boat': 1}"
285,2,"{'person': 1, 'boat': 1}"
286,2,"{'person': 1, 'boat': 1}"
287,2,"{'person': 1, 'boat': 1}"
288,3,"{'person': 1, 'boat': 2}"
289,2,"{'person': 1, 'boat': 1}"
290,3,"{'person': 1, 'boat': 2}"
291,3,"{'person': 1, 'boat': 2}"
292,3,"{'person': 1, 'boat': 2}"
293,3,"{'person': 1, 'boat': 2}"
294,3,"{'person': 1, 'boat': 2}"
295,3,"{'person': 1, 'boat': 2}"
296,3,"{'person': 1, 'boat': 2}"
297,3,"{'person': 1, 'boat': 2}"
298,3,"{'person': 1, 'boat': 2}"
299,3,"{'person': 1, 'boat': 2}"
300,3,"{'person': 1, 'boat': 2}"
301,3,"{'person': 1, 'boat': 2}"
302,2,"{'person': 1, 'boat': 1}"
303,2,"{'person': 1, 'boat': 1}"
304,2,"{'person': 1, 'boat': 1}"
305,2,"{'person': 1, 'boat': 1}"
306,2,"{'person': 1, 'boat': 1}"
307,2,"{'person': 1, 'boat': 1}"
308,2,"{'person': 1, 'boat': 1}"
309,2,"{'person': 1, 'boat': 1}"
310,2,"{'person': 1, 'boat': 1}"
311,2,"{'person': 1, 'boat': 1}"
312,2,"{'person': 1, 'boat': 1}"
313,2,"{'person': 1, 'boat': 1}"
314,2,"{'person': 1, 'boat': 1}"
315,2,"{'person': 1, 'boat': 1}"
316,2,"{'person': 1, 'boat': 1}"
317,2,"{'person': 1, 'boat': 1}"
318,3,"{'person': 1, 'boat': 2}"
319,2,"{'person': 1, 'boat': 1}"
320,3,"{'person': 1, 'boat': 2}"
321,3,"{'person': 1, 'boat': 2}"
322,3,"{'person': 1, 'boat': 2}"
323,3,"{'person': 1, 'boat': 2}"
324,3,"{'person': 1, 'boat': 2}"
325,3,"{'person': 1, 'boat': 2}"
326,3,"{'person': 1, 'boat': 2}"
327,4,"{'person': 1, 'boat': 3}"
328,2,"{'person': 1, 'boat': 1}"
329,3,"{'person': 1, 'boat': 2}"
330,3,"{'person': 1, 'boat': 2}"
331,3,"{'person': 1, 'boat': 2}"
332,3,"{'person': 1, 'boat': 2}"
333,3,"{'person': 1, 'boat': 2}"
334,3,"{'person': 1, 'boat': 2}"
335,3,"{'person': 1, 'boat': 2}"
336,2,"{'person': 1, 'boat': 1}"
337,3,"{'person': 1, 'boat': 2}"
338,3,"{'person': 1, 'boat': 2}"
339,3,"{'person': 1, 'boat': 2}"
340,4,"{'person': 1, 'boat': 3}"
341,4,"{'person': 1, 'boat': 3}"
342,4,"{'person': 1, 'boat': 3}"
343,4,"{'person': 1, 'boat': 3}"
344,5,"{'person': 1, 'boat': 4}"
345,5,"{'person': 1, 'boat': 4}"
346,5,"{'person': 1, 'boat': 4}"
347,5,"{'person': 1, 'boat': 4}"
348,4,"{'person': 1, 'boat': 3}"
349,5,"{'person': 1, 'boat': 4}"
350,5,"{'person': 1, 'boat': 4}"
351,5,"{'person': 1, 'boat': 4}"
352,5,"{'person': 1, 'boat': 4}"
353,4,"{'person': 1, 'boat': 3}"
354,4,"{'person': 1, 'boat': 3}"
355,4,"{'person': 1, 'boat': 3}"
356,4,"{'person': 1, 'boat': 3}"
357,4,"{'person': 1, 'boat': 3}"
358,5,"{'person': 1, 'boat': 4}"
359,4,"{'person': 1, 'boat': 3}"
360,3,"{'person': 1, 'boat': 2}"
361,3,"{'person': 1, 'boat': 2}"
362,3,"{'person': 1, 'boat': 2}"
363,3,"{'person': 1, 'boat': 2}"
364,4,"{'person': 1, 'boat': 3}"
365,3,"{'person': 1, 'boat': 2}"
366,4,"{'person': 1, 'boat': 3}"
367,4,"{'person': 1, 'boat': 3}"
368,3,"{'person': 1, 'boat': 2}"
369,3,"{'person': 1, 'boat': 2}"
370,3,"{'person': 1, 'boat': 2}"
371,3,"{'person': 1, 'boat': 2}"
372,3,"{'person': 1, 'boat': 2}"
373,3,"{'person': 1, 'boat': 2}"
374,3,"{'person': 1, 'boat': 2}"
375,3,"{'person': 1, 'boat': 2}"
376,4,"{'person': 1, 'boat': 3}"
377,3,"{'person': 1, 'boat': 2}"
378,3,"{'person': 1, 'boat': 2}"
379,3,"{'person': 1, 'boat': 2}"
380,3,"{'person': 1, 'boat': 2}"
381,3,"{'person': 1, 'boat': 2}"
382,3,"{'person': 1, 'boat': 2}"
383,3,"{'person': 1, 'boat': 2}"
384,3,"{'person': 1, 'boat': 2}"
385,3,"{'person': 1, 'boat': 2}"
386,3,"{'person': 1, 'boat': 2}"
387,3,"{'person': 1, 'boat': 2}"
388,3,"{'person': 1, 'boat': 2}"
389,3,"{'person': 1, 'boat': 2}"
390,4,"{'person': 1, 'boat': 3}"
391,3,"{'person': 1, 'boat': 2}"
392,2,"{'person': 1, 'boat': 1}"
393,3,"{'person': 1, 'boat': 2}"
394,4,"{'person': 1, 'boat': 3}"
395,2,"{'person': 1, 'boat': 1}"
396,2,"{'person': 1, 'boat': 1}"
397,2,"{'person': 1, 'boat': 1}"
398,2,"{'person': 1, 'boat': 1}"
399,2,"{'person': 1, 'boat': 1}"
400,2,"{'person': 1, 'boat': 1}"
401,2,"{'person': 1, 'boat': 1}"
402,3,"{'person': 1, 'boat': 2}"
403,3,"{'person': 1, 'boat': 2}"
404,3,"{'person': 1, 'boat': 2}"
405,3,"{'person': 1, 'boat': 2}"
406,3,"{'person': 1, 'boat': 2}"
407,4,"{'person': 1, 'boat': 3}"
408,4,"{'person': 1, 'boat': 3}"
409,3,"{'person': 1, 'boat': 2}"
410,3,"{'person': 1, 'boat': 2}"
411,3,"{'person': 1, 'boat': 2}"
412,3,"{'person': 1, 'boat': 2}"
413,3,"{'person': 1, 'boat': 2}"
414,4,"{'person': 1, 'boat': 3}"
415,4,"{'person': 1, 'boat': 3}"
416,4,"{'person': 1, 'boat': 3}"
417,4,"{'person': 1, 'boat': 3}"
418,3,"{'person': 1, 'boat': 2}"
419,4,"{'person': 1, 'boat': 3}"
420,4,"{'person': 1, 'boat': 3}"
421,4,"{'person': 1, 'boat': 3}"
422,4,"{'person': 1, 'boat': 3}"
423,4,"{'person': 1, 'boat': 3}"
424,4,"{'person': 1, 'boat': 3}"
425,3,"{'person': 1, 'boat': 2}"
426,3,"{'person': 1, 'boat': 2}"
427,1,{'person': 1}
428,2,"{'person': 1, 'boat': 1}"
429,4,"{'person': 1, 'boat': 3}"
430,5,"{'person': 1, 'boat': 4}"
431,4,"{'person': 1, 'boat': 3}"
432,3,"{'person': 1, 'boat': 2}"
433,3,"{'person': 1, 'boat': 2}"
434,3,"{'person': 1, 'boat': 2}"
435,3,"{'person': 1, 'boat': 2}"
436,3,"{'person': 1, 'boat': 2}"
437,3,"{'person': 1, 'boat': 2}"
438,4,"{'person': 1, 'boat': 3}"
439,3,"{'person': 1, 'boat': 2}"
440,3,"{'person': 1, 'boat': 2}"
441,3,"{'person': 1, 'boat': 2}"
442,2,"{'person': 1, 'boat': 1}"
443,2,"{'person': 1, 'boat': 1}"
444,2,"{'person': 1, 'boat': 1}"
445,3,"{'person': 1, 'boat': 2}"
446,4,"{'person': 1, 'boat': 3}"
447,4,"{'person': 1, 'boat': 3}"
448,4,"{'person': 1, 'boat': 3}"
449,3,"{'person': 1, 'boat': 2}"
450,2,"{'person': 1, 'boat': 1}"
451,2,"{'person': 1, 'boat': 1}"
452,3,"{'person': 1, 'boat': 2}"
453,2,"{'person': 1, 'boat': 1}"
454,2,"{'person': 1, 'boat': 1}"
455,3,"{'person': 1, 'boat': 2}"
456,2,"{'person': 1, 'boat': 1}"
457,3,"{'person': 1, 'boat': 2}"
458,3,"{'person': 1, 'boat': 2}"
459,2,"{'person': 1, 'boat': 1}"
460,2,"{'person': 1, 'boat': 1}"
461,2,"{'person': 1, 'boat': 1}"
462,2,"{'person': 1, 'boat': 1}"
463,3,"{'person': 1, 'boat': 2}"
464,2,"{'person': 1, 'boat': 1}"
465,2,"{'person': 1, 'boat': 1}"
466,1,{'person': 1}
467,1,{'person': 1}
468,1,{'person': 1}
469,1,{'person': 1}
470,1,{'person': 1}
471,1,{'person': 1}
472,1,{'person': 1}
473,1,{'person': 1}
474,1,{'person': 1}
475,1,{'person': 1}
476,1,{'person': 1}
477,1,{'person': 1}
478,1,{'person': 1}
479,1,{'person': 1}
480,1,{'person': 1}
481,1,{'person': 1}
482,1,{'person': 1}
483,1,{'person': 1}
484,1,{'person': 1}
485,1,{'person': 1}
486,1,{'person': 1}
487,1,{'person': 1}
488,1,{'person': 1}
489,1,{'person': 1}
490,1,{'person': 1}
491,1,{'person': 1}
492,1,{'person': 1}
493,1,{'person': 1}
494,1,{'person': 1}
495,1,{'person': 1}
496,1,{'person': 1}
497,1,{'person': 1}
498,1,{'person': 1}
499,1,{'person': 1}
500,2,"{'person': 1, 'boat': 1}"
501,1,{'person': 1}
502,1,{'person': 1}
503,1,{'person': 1}
504,1,{'person': 1}
505,1,{'person': 1}
506,1,{'person': 1}
507,1,{'person': 1}
508,1,{'person': 1}
509,1,{'person': 1}
510,1,{'person': 1}
511,2,"{'person': 1, 'boat': 1}"
512,1,{'person': 1}
513,2,{'person': 2}
514,2,{'person': 2}
515,1,{'person': 1}
516,0,{}
517,0,{}
518,0,{}
519,0,{}
520,0,{}
